{
  "model":"hgb",
  "best_variant":"hgb_lr0.03_d6",
  "cv_pr_auc":0.1991961289,
  "train":{
    "pr_auc":1.0,
    "roc_auc":1.0,
    "brier":0.0000802377,
    "n":2731
  },
  "test":{
    "pr_auc":0.0144190695,
    "roc_auc":0.5303504724,
    "brier":0.0078369451,
    "n":1529
  },
  "topk":{
    "3":{
      "recall":0.1666666667,
      "precision":0.0208333333,
      "captured":2,
      "alerts":96,
      "positives":12
    },
    "5":{
      "recall":0.25,
      "precision":0.01875,
      "captured":3,
      "alerts":160,
      "positives":12
    },
    "10":{
      "recall":0.25,
      "precision":0.009375,
      "captured":3,
      "alerts":320,
      "positives":12
    }
  }
}