{
  "counts": {
    "0.0": 4260,
    "1.0": 832
  },
  "percents": {
    "0.0": 0.8366064414768264,
    "1.0": 0.1633935585231736
  }
}